{"weights":[{"row":19,"column":24,"elements":[-1.7743568420410157,-1.1140865087509156,-1.0710207223892213,-0.18453679978847505,-0.7472807765007019,0.10951241105794907,-1.1613192558288575,1.645781397819519,2.4432809352874758,-0.006000367924571037,0.7027942538261414,0.4081738293170929,3.5679566860198976,0.7454046607017517,1.2408175468444825,-0.9818711876869202,0.47119665145874026,-1.055230736732483,0.9736911654472351,-1.0454961061477662,-0.8237618207931519,0.35737812519073489,-0.275956392288208,-0.22229643166065217,-0.3981005549430847,1.0376218557357789,0.38823556900024416,-0.8663217425346375,-0.7495176792144775,0.2099837213754654,-2.5921435356140138,0.8026581406593323,0.2972126007080078,0.05825150012969971,1.6881606578826905,0.17182496190071107,1.2709894180297852,1.438157081604004,1.4237630367279053,-1.701393961906433,-0.0077575817704200748,-1.4497770071029664,0.17350593209266663,-2.278982639312744,-0.940173864364624,0.5940685868263245,-0.5656012892723084,0.743649959564209,0.9422352313995361,0.6252614259719849,-0.391980916261673,2.1782426834106447,-0.6549452543258667,1.235642671585083,-1.4433000087738038,-0.16088742017745973,-1.2482075691223145,-0.9439727067947388,1.9379358291625977,-0.07499981671571732,0.7687181830406189,-0.285684734582901,0.7971756458282471,0.28058338165283205,0.8457189798355103,3.118394613265991,1.3995823860168458,0.1763327568769455,-1.442580223083496,0.005511690862476826,-0.35804978013038638,0.6935892105102539,0.17139455676078797,0.48029810190200808,0.471532940864563,-0.9458240866661072,-0.921692967414856,0.26572510600090029,2.147993326187134,-0.2067425400018692,-1.3971582651138306,-3.5122251510620119,1.6315418481826783,0.017507651820778848,0.2548694610595703,0.012336552143096924,-2.111368417739868,-1.29237699508667,-1.2632488012313843,1.3150982856750489,1.0909639596939088,-0.06663743406534195,0.036402154713869098,-0.7789868116378784,0.8691067695617676,-0.39419758319854739,0.3463055193424225,2.5426480770111086,-0.9144059419631958,1.0823339223861695,-0.14624732732772828,0.7306114435195923,0.32576093077659609,1.0887260437011719,-0.07794386148452759,1.1459466218948365,-0.32678014039993288,-2.6045570373535158,0.5424802899360657,-1.1360163688659669,1.1473766565322877,1.1749049425125123,-1.9977346658706666,0.6021258234977722,0.16027113795280457,0.9254677295684815,-0.6152740120887756,-0.6877208948135376,0.5859300494194031,-0.3780529797077179,-0.84709233045578,0.9656174182891846,1.9782544374465943,0.7633092403411865,2.2680001258850099,-0.09592125564813614,-0.11663839221000672,-2.1781346797943117,0.35783612728118899,0.5157871246337891,2.779041051864624,-3.427243947982788,1.3996654748916627,1.5892529487609864,0.4606165587902069,-1.130375862121582,-0.15691635012626649,-1.8526041507720948,-3.167295455932617,-1.018127202987671,0.8162540197372437,-1.3022500276565552,-0.3732560873031616,-0.04047984257340431,-2.4580087661743166,1.563711166381836,0.3177986443042755,1.0576404333114625,1.1612777709960938,1.506752610206604,0.9281203150749207,0.9966468214988709,-1.3684393167495728,-2.685089588165283,-0.8553109169006348,-1.1784582138061524,-1.3666669130325318,-0.9371564388275147,1.3464280366897584,-0.08235934376716614,0.49802452325820925,2.0005710124969484,0.13857682049274445,-0.1651618480682373,-1.3378196954727173,-1.5233275890350342,-2.226414680480957,1.5504289865493775,-0.1756894439458847,0.7510159611701965,-0.7222981452941895,-2.055652141571045,-2.0646302700042726,-1.0158241987228394,-1.1588013172149659,-1.2072067260742188,-0.20629969239234925,0.5400077104568481,-0.17482230067253114,-1.060073733329773,-1.2276923656463624,0.3162018656730652,-0.7696808576583862,-2.1133978366851808,1.0127171277999879,1.920313835144043,-0.8211397528648377,0.1854141652584076,-1.4453723430633546,0.12522032856941224,-1.4681897163391114,-0.971068263053894,-0.3499477505683899,-0.46208488941192629,-1.7825223207473755,-1.314906120300293,1.50532066822052,-0.053870052099227908,-1.820753574371338,1.4650505781173707,-0.12327370792627335,-2.1060400009155275,0.8036189079284668,0.7811360955238342,-0.692912220954895,-0.6989818811416626,0.05910630524158478,-0.8989899754524231,-0.1813441812992096,0.06972727924585343,-2.1234381198883058,-0.737195611000061,-1.519553542137146,-0.8965882658958435,0.8165957927703857,0.8979570269584656,0.40446802973747256,-0.9990209937095642,-0.2580069601535797,-1.3314361572265626,0.5199273824691773,-0.5283693075180054,-1.0190569162368775,1.4700335264205933,1.4651386737823487,0.27767980098724368,0.6397844552993774,3.094346284866333,-0.32865017652511599,-1.334061622619629,-0.8240163922309876,-1.03165602684021,1.0085443258285523,1.6272836923599244,1.4173606634140015,-1.9511443376541138,0.07824438065290451,-1.0431935787200928,-2.710362672805786,0.8689326643943787,3.3097543716430666,1.8634088039398194,-0.2914601266384125,-0.8078411221504211,-1.761960744857788,1.7631646394729615,-0.7879304885864258,-3.122389078140259,1.1348317861557007,-2.0327975749969484,2.2114784717559816,-1.3971232175827027,-0.5498126745223999,-0.6705984473228455,0.6250015497207642,1.25831139087677,2.6841063499450685,-1.7889792919158936,0.6755989193916321,1.6378992795944214,-1.6132848262786866,-2.0270307064056398,0.1874585896730423,0.5722201466560364,2.6817452907562258,1.3798714876174927,-1.2036172151565552,0.26745685935020449,-0.42412108182907107,-1.8767646551132203,-1.4865942001342774,-0.5481555461883545,0.4407511353492737,0.9443342685699463,0.24735911190509797,0.13322554528713227,0.6131830811500549,-0.8495663404464722,1.1181625127792359,-0.950690507888794,0.9339158535003662,-0.5524987578392029,1.4172790050506592,0.8025916814804077,-1.474256992340088,1.713830828666687,0.8157059550285339,1.1743741035461426,-0.6413637399673462,2.2601993083953859,-0.3517874777317047,-0.19864597916603089,-0.9065545797348023,-2.4162654876708986,-0.33548080921173098,0.05052102729678154,0.3648800551891327,1.033453106880188,1.380428433418274,0.5657461881637573,-0.30376482009887698,0.6414574980735779,0.23368385434150697,-1.4766639471054078,0.12035085260868073,-0.319195419549942,0.30902937054634097,0.48257073760032656,-0.17091740667819978,0.379247784614563,-0.2935735881328583,-0.6147649884223938,-1.2198944091796876,0.031628891825675967,-0.44320258498191836,1.6163173913955689,-0.9397663474082947,0.9057785868644714,2.0151259899139406,0.024511877447366716,-0.7466267943382263,0.4290543794631958,0.9569945931434631,2.77731990814209,-0.8127418756484985,-0.9305749535560608,-2.116262912750244,2.5796971321105959,-0.9204345941543579,-0.07176037132740021,0.07326566427946091,-0.28678181767463686,-0.4953191578388214,0.025354301556944848,0.8841726183891296,0.5413293242454529,0.8372302055358887,1.552502989768982,-0.5492535829544067,-0.4817047715187073,2.4771170616149904,-1.2472721338272095,2.035590171813965,2.6419522762298586,-1.3998538255691529,-1.2081553936004639,0.24686986207962037,0.3762108385562897,-0.6252222657203674,-0.421735018491745,-1.2325549125671387,0.49572136998176577,-1.5808238983154297,1.884207844734192,-1.122726321220398,-0.2408898025751114,-1.7803270816802979,-0.022932620719075204,-0.1302303969860077,-1.6443486213684083,-0.6286529302597046,0.17920170724391938,0.4869922399520874,2.650747060775757,-1.2011970281600953,-0.7447517514228821,1.0957025289535523,0.354987233877182,1.6885241270065308,0.3394215703010559,0.7470892071723938,-0.523761510848999,0.22527487576007844,0.8257042169570923,0.2531699538230896,0.2714221775531769,1.4807904958724976,2.080714702606201,-0.7318548560142517,2.9203200340270998,-0.6842229962348938,-0.0658678188920021,-0.5525258183479309,0.7868403792381287,-1.8069754838943482,0.006564421579241753,1.669826626777649,0.9178721904754639,1.6285579204559327,0.1011059358716011,2.3047943115234377,-1.8572627305984498,-0.33905622363090517,1.582487940788269,2.5615596771240236,0.020410081371665,-1.2989742755889893,1.6524927616119385,-1.1375148296356202,3.6138858795166017,0.29326286911964419,0.7406980395317078,1.23703932762146,0.17301824688911439,-0.3916318118572235,1.0457466840744019,-1.5166738033294678,