{"weights":[{"row":19,"column":24,"elements":[-1.6847444772720338,-1.0105890035629273,-0.9992210268974304,-0.19904080033302308,-0.6544387936592102,-0.16568827629089356,-1.1456722021102906,1.4309353828430176,2.391425371170044,0.11555832624435425,0.62798672914505,0.5173999071121216,3.7517354488372804,0.7492436170578003,1.2018496990203858,-0.8360775113105774,0.27702271938323977,-1.0676435232162476,0.8300821781158447,-1.1959651708602906,-0.8734622597694397,0.0154675068333745,-0.3411080837249756,-0.13506899774074555,-0.22616326808929444,1.0606664419174195,0.4139348864555359,-0.964330792427063,-0.6190911531448364,0.41650640964508059,-2.2742786407470705,0.7923340797424316,0.36719709634780886,-0.11293674260377884,1.7447527647018433,0.46500128507614138,1.4056133031845093,1.3906728029251099,1.6512103080749512,-1.5548804998397828,0.026752309873700143,-1.5145373344421387,0.2342173308134079,-2.5789175033569338,-0.8369271755218506,0.5992136597633362,-0.6271475553512573,0.8246662616729736,0.99391770362854,0.6021134257316589,-0.3744511604309082,2.257077932357788,-0.7226639986038208,1.37543523311615,-1.2523465156555176,-0.054437387734651569,-1.1632168292999268,-1.0382320880889893,1.8847934007644654,0.03634076565504074,0.7388229966163635,-0.16254279017448426,0.632602334022522,0.2965739667415619,0.8914982676506043,3.3129334449768068,1.314452886581421,0.04117945209145546,-1.6661635637283326,-0.19872726500034333,-0.4934494197368622,1.0552518367767335,0.43373623490333559,0.41753536462783816,0.5281463265419006,-0.6477226614952087,-1.0207339525222779,0.37474530935287478,2.14076566696167,-0.2831248342990875,-1.3857916593551636,-3.3064403533935549,1.6867426633834839,0.09030138701200485,0.31041136384010317,-0.0019212060142308474,-2.106447219848633,-1.5408070087432862,-1.2645788192749024,1.414856195449829,1.0120912790298463,-0.11995553970336914,0.10132008790969849,-0.8233773112297058,0.8905962109565735,-0.3440426290035248,0.40765175223350527,2.5441620349884035,-0.731627345085144,1.1333577632904053,-0.3510863780975342,0.7357406616210938,0.5960724353790283,1.1826045513153077,-0.0028156775515526535,1.0993224382400513,-0.2583189606666565,-2.4489314556121828,0.37648436427116396,-1.1240910291671754,1.2741059064865113,0.9548618197441101,-1.9836052656173707,0.633486807346344,0.13919249176979066,0.7376775741577148,-0.6540029644966126,-0.5822134613990784,0.36221545934677126,-0.32533207535743716,-0.6320249438285828,1.1652528047561646,1.945306658744812,0.8969722390174866,2.475565195083618,-0.39055323600769045,-0.012388289906084538,-2.12268328666687,0.17783284187316895,0.7498679161071777,2.51668381690979,-3.5703680515289308,1.1079051494598389,1.4804275035858155,0.4154432415962219,-0.9112123847007752,-0.1670963168144226,-1.9386279582977296,-3.206984043121338,-0.9642938375473023,0.7344149947166443,-1.3758505582809449,-0.30516543984413149,0.07086833566427231,-2.3168530464172365,1.3897403478622437,0.3039167523384094,0.8918682932853699,1.1895625591278077,1.5092452764511109,1.097677230834961,0.9484036564826965,-1.5272172689437867,-2.7509758472442629,-0.6861918568611145,-1.0684105157852173,-1.6034449338912964,-1.0621240139007569,1.3131970167160035,0.06880572438240051,0.704454779624939,1.536189317703247,0.2831251323223114,0.14571762084960938,-1.5464144945144654,-1.4453136920928956,-2.3211865425109865,1.568435788154602,-0.41498154401779177,0.895397424697876,-0.6525033116340637,-2.0164380073547365,-2.1286563873291017,-0.8266370296478272,-1.0366884469985963,-0.9988676309585571,-0.281406432390213,0.39409139752388,-0.2004237323999405,-0.9755797982215881,-1.1648428440093995,0.225320503115654,-0.9730481505393982,-2.128492593765259,1.0824609994888306,1.847472071647644,-0.892601490020752,0.24616310000419618,-1.3224048614501954,0.011562353000044823,-1.325928807258606,-0.6662090420722961,-0.1921621412038803,-0.6131186485290527,-1.814632773399353,-1.2634791135787964,1.5541867017745972,0.006419339682906866,-1.873306393623352,1.489570140838623,-0.17098452150821687,-2.273536205291748,0.8912424445152283,0.831770658493042,-0.7404450178146362,-0.5486973524093628,-0.12199670076370239,-1.0352307558059693,-0.10046597570180893,0.1101430132985115,-2.1780335903167726,-0.7981705069541931,-1.6074947118759156,-1.1913248300552369,0.9853521585464478,1.0921250581741334,0.5062086582183838,-0.9239735007286072,0.09035389870405197,-1.3437039852142335,0.6620398163795471,-0.5104051828384399,-0.7149667143821716,1.6841498613357545,1.3399993181228638,0.22675828635692597,0.5095434188842773,2.8098819255828859,-0.09905068576335907,-1.2847737073898316,-0.598994791507721,-1.1230049133300782,1.0394740104675294,1.6464667320251465,1.6279792785644532,-2.0307936668395998,0.020189041271805764,-1.1217496395111085,-2.512918472290039,0.7961486577987671,3.4212465286254885,2.055436611175537,-0.4170837104320526,-0.8360454440116882,-1.7901253700256348,1.6922857761383057,-0.56203693151474,-3.0994818210601808,1.18949294090271,-1.9665695428848267,2.5071396827697756,-1.4786481857299805,-0.4941975176334381,-0.6929371953010559,0.6021947264671326,1.264788269996643,2.6586618423461916,-1.7322285175323487,0.7951631546020508,1.690813422203064,-1.482137680053711,-2.1172382831573488,0.30997446179389956,0.641207218170166,2.619682788848877,1.3816205263137818,-1.0694928169250489,0.4691900610923767,-0.206014946103096,-1.8252791166305543,-1.609958291053772,-0.6421598792076111,0.49727773666381838,1.0033553838729859,0.3159777522087097,0.10657305270433426,0.5195071697235107,-0.756301760673523,1.166887640953064,-0.9856856465339661,1.0704327821731568,-0.5198116302490234,1.481754183769226,0.848944902420044,-1.407951831817627,1.7792037725448609,0.9610238671302795,0.9079495668411255,-0.5710425972938538,2.514648199081421,-0.16934417188167573,-0.0796314999461174,-0.8750264644622803,-2.4378926753997804,-0.34908634424209597,-0.01777806505560875,0.3376164436340332,0.9178165793418884,1.4113233089447022,0.4270857274532318,-0.15622948110103608,0.7769966721534729,0.18995246291160584,-1.3840842247009278,0.2884314954280853,-0.31708359718322756,0.21351149678230287,0.5028550028800964,-0.2624107003211975,0.7221290469169617,-0.3818502128124237,-0.46871688961982729,-1.0864927768707276,0.049599286168813708,-0.41152122616767886,1.7468109130859376,-1.14469575881958,0.8560577034950256,2.013185977935791,-0.07384589314460755,-0.787519097328186,0.5666764378547669,1.0740300416946412,2.725311517715454,-0.8232441544532776,-0.7457271814346314,-1.973503828048706,2.703523874282837,-0.7262031435966492,0.009957799687981606,-0.03490852937102318,-0.23205217719078065,-0.7863031029701233,-0.30235886573791506,0.8179542422294617,0.5324870944023132,1.089699387550354,1.6162540912628174,-0.7530601024627686,-0.33908402919769289,2.4874258041381838,-1.5197806358337403,2.1751046180725099,2.629326105117798,-1.6140578985214234,-1.217037558555603,0.1563439816236496,0.32987794280052187,-0.6375242471694946,-0.10556475818157196,-1.2837895154953004,0.4622988998889923,-1.4476178884506226,1.896672010421753,-0.9039269685745239,-0.30608001351356509,-2.0262813568115236,-0.1156693622469902,0.03928784281015396,-1.7322617769241334,-0.7591395974159241,0.18926902115345,0.3005467355251312,2.8591105937957765,-1.3278785943984986,-0.7785429358482361,1.0949838161468506,0.2711429297924042,1.9179909229278565,0.34248897433280947,0.8436892628669739,-0.48981815576553347,0.07730503380298615,0.6741544604301453,0.1662551760673523,0.5173996686935425,1.3543986082077027,2.016275405883789,-0.7541579604148865,2.7444369792938234,-0.42757299542427065,0.11873666942119599,-0.5565958023071289,0.6924907565116882,-1.9348727464675904,0.05587555095553398,1.7019120454788209,0.7578555941581726,1.8328384160995484,0.09598009288311005,2.294398307800293,-1.8157867193222047,-0.27330273389816286,1.8592509031295777,2.7728679180145265,0.17674192786216737,-1.1776561737060547,1.5798156261444092,-1.23236083984375,3.6533827781677248,0.33656373620033266,0.7676228880882263,1.1214582920074463,0.3517289459705353,-0.3536909520626068,0.9876051545143127,-1.436968445777893,