{"weights":[{"row":0,"column":8,"elements":[]},{"row":8,"column":4,"elements":[0.6006875038146973,-0.2376136826351285,-0.6931842807680368,0.6229093335568905,-0.5454554622992873,-0.7335546240210533,0.023884892463684083,0.3342333473265171,0.14708495885133744,0.9342310428619385,0.4002332389354706,0.1812487095594406,-0.3319169282913208,0.19479689747095109,0.8017478846013546,0.9674994945526123,-0.11799705028533936,-1.537093162536621,0.45720408111810686,0.22549307346343995,-0.3864034414291382,0.8480767030268908,0.010938525199890137,0.6776199154555798,0.9506986793130636,-0.9319494706578553,-0.30061371996998789,0.909021282568574,0.10164040140807629,0.6018165573477745,0.7847920358181,-0.48975348845124247]}],"biases":[{"row":1,"column":8,"elements":[-0.07724496722221375,-0.4469989538192749,0.18957417830824853,-0.6979809328913689,-0.28968631522729995,0.5062580723315477,-0.9721381217241287,-0.23603308200836183]},{"row":1,"column":4,"elements":[0.4753532111644745,0.9729780107736588,-0.9594571590423584,0.3596087945625186]}],"inputSize":0,"hiddenSize":8,"hiddenLayers":1,"outputSize":4}