{"weights":[{"row":0,"column":8,"elements":[]},{"row":8,"column":3,"elements":[0.006082284729927778,0.32222607731819155,0.037144243717193606,0.0676816776394844,-0.13765449821949006,-0.5854377746582031,0.2506006360054016,-0.10983385890722275,0.453777939081192,0.19822433590888978,0.7297905683517456,-0.010609880089759827,0.9240387678146362,0.1923828274011612,-0.30632176995277407,-0.23996584117412568,-0.8898966312408447,0.2953486144542694,0.3486478328704834,-0.28461483120918276,-1.6261520385742188,-0.28348758816719057,0.11202475428581238,-1.0128490924835206]}],"biases":[{"row":1,"column":8,"elements":[-0.3699215352535248,0.5131621360778809,0.7731104493141174,0.5155622363090515,0.49088162183761599,-0.6363624930381775,1.2522166967391968,0.838530957698822]},{"row":1,"column":3,"elements":[-0.7195647358894348,0.16555625200271607,-0.23072196543216706]}],"inputSize":0,"hiddenSize":8,"hiddenLayers":1,"outputSize":3}