{"weights":[{"row":19,"column":24,"elements":[-1.8721085786819459,-1.2295303344726563,-1.3981083631515504,-0.3577803671360016,-0.7376834750175476,0.07497821003198624,-1.1924817562103272,1.6409704685211182,2.3652093410491945,-0.1251467615365982,0.7984995245933533,0.2727627158164978,3.9432928562164308,0.5308032631874085,0.9609768390655518,-1.0750752687454224,0.49903404712677,-1.4571293592453004,0.9002305865287781,-1.3163402080535889,-1.066104769706726,0.30038830637931826,-0.22550100088119508,-0.08839011937379837,-0.3111473321914673,1.0037117004394532,0.1659066379070282,-1.011480689048767,-0.7346746325492859,0.41959521174430849,-2.683837652206421,0.9136343002319336,0.4495137929916382,-0.03182416036725044,1.8221925497055054,0.3041466176509857,1.2224000692367554,1.2020211219787598,1.4994981288909913,-1.5844709873199463,-0.0035832880530506374,-1.2079437971115113,0.2269982099533081,-2.2786805629730226,-0.6801965236663818,0.7260026335716248,-0.7233241200447083,0.5537335872650147,0.8221398591995239,0.6008287668228149,-0.4488782286643982,2.2523272037506105,-0.6590964794158936,1.1985070705413819,-1.4484856128692628,-0.33181753754615786,-1.263119101524353,-0.7762783765792847,1.5132659673690797,0.12161645293235779,0.803363025188446,-0.2199440449476242,0.7263026833534241,0.1722254604101181,0.4981667697429657,3.121225118637085,1.2888078689575196,0.07909252494573593,-1.5983798503875733,-0.09619424492120743,-0.4310327470302582,0.7953961491584778,0.3885926902294159,0.5678792595863342,0.42458269000053408,-0.6636913418769836,-0.9441923499107361,0.34484806656837466,2.1903176307678224,-0.20704123377799989,-1.449173092842102,-3.440223217010498,1.591976523399353,0.08969811350107193,0.2208782136440277,0.12429656833410263,-2.2748842239379885,-1.4173696041107178,-1.373522162437439,1.4112917184829713,1.0689069032669068,0.017773786559700967,0.08043660223484039,-0.9195425510406494,0.6799249053001404,-0.7062164545059204,0.5593039989471436,2.676696538925171,-0.6532648801803589,0.9913391470909119,-0.013116518966853619,0.8702995777130127,0.39155521988868716,1.259168267250061,-0.02132929489016533,0.893740713596344,-0.08160167187452316,-2.5402941703796388,0.4886668026447296,-1.0687894821166993,1.0337852239608765,1.0761196613311768,-1.894225835800171,0.4551502764225006,0.016862208023667337,0.5547937750816345,-0.6846129894256592,-0.7564030289649963,0.595212459564209,-0.41591373085975649,-0.4253756105899811,1.0647988319396973,2.0509133338928224,0.6272682547569275,2.5188653469085695,-0.3143444359302521,-0.010804322548210621,-1.8247374296188355,0.18019206821918488,0.511054515838623,2.730684757232666,-3.3349454402923586,1.1855219602584839,1.567952275276184,0.35043957829475405,-0.9762321710586548,-0.1574053019285202,-1.940280795097351,-3.22404146194458,-1.1106855869293213,0.48961353302001955,-1.3652225732803345,-0.6073185801506043,0.24911294877529145,-2.48159122467041,1.3080391883850098,0.21993660926818849,1.0217653512954713,0.9657077789306641,1.348739743232727,0.5921736359596252,0.9675366282463074,-1.5012097358703614,-2.555050849914551,-0.6773262619972229,-1.115417718887329,-1.5487478971481324,-1.1200865507125855,1.1110470294952393,-0.27389150857925417,0.5078151226043701,2.118246078491211,0.19469736516475678,-0.10047014057636261,-1.5823410749435425,-1.4699952602386475,-2.3173437118530275,1.4369746446609498,-0.3721909523010254,0.7037609219551086,-0.891009509563446,-2.0292510986328127,-2.237813949584961,-0.9271280765533447,-1.017695426940918,-1.1773488521575928,-0.24648991227149964,0.0920453742146492,-0.4180970788002014,-1.0201911926269532,-1.1184784173965455,0.5169541239738464,-0.9780071973800659,-2.0285565853118898,0.9454371333122253,1.764435887336731,-0.71812504529953,0.29813122749328616,-1.2219427824020386,0.006254796404391527,-1.5964068174362183,-0.8995245695114136,-0.32939136028289797,-0.5064327120780945,-1.902801513671875,-1.4190810918807984,1.4380829334259034,0.03963008522987366,-1.8116669654846192,1.8091375827789307,0.0004030292620882392,-2.1612210273742677,0.561424732208252,0.5935620665550232,-0.7676697969436646,-0.47209787368774416,-0.1981634795665741,-1.0231839418411255,-0.22274397313594819,-0.002193637192249298,-1.9671580791473389,-0.7755616903305054,-1.4108487367630005,-1.1162652969360352,0.8290784955024719,1.0549304485321046,0.4224724769592285,-1.0668588876724244,-0.0023964170832186939,-1.0688164234161378,0.9625675082206726,-0.49072274565696719,-0.9187538027763367,1.461599349975586,1.610732078552246,0.06540914624929428,0.5713752508163452,2.8740134239196779,-0.23081976175308228,-1.2960525751113892,-0.7711138725280762,-1.1350911855697632,0.8562434911727905,1.8609983921051026,1.6277769804000855,-2.093736410140991,-0.14421877264976502,-0.7958987951278687,-2.482761859893799,0.8443554043769836,3.1940057277679445,1.972801685333252,-0.3560667634010315,-0.7151084542274475,-1.6887457370758057,1.7542353868484498,-0.8230026364326477,-2.9988677501678469,1.4836792945861817,-1.9452879428863526,2.2302658557891847,-1.3703649044036866,-0.44362545013427737,-0.816276490688324,0.7033576369285584,1.0018465518951417,2.536686897277832,-1.8296444416046143,0.6062169075012207,1.4111950397491456,-1.4006012678146363,-1.7022513151168824,0.7176142930984497,0.6653776168823242,2.4902377128601076,1.6609200239181519,-1.237105131149292,0.5937673449516296,-0.09525324404239655,-1.7504422664642335,-1.6382577419281006,-0.5670433640480042,0.35687515139579775,0.9085698127746582,0.4026329815387726,0.13149712979793549,0.7978560328483582,-0.9236606359481812,0.9680941104888916,-1.1284847259521485,0.8916980624198914,-0.5031139850616455,1.4662888050079346,1.0079832077026368,-1.3228315114974976,1.482201099395752,0.9254810810089111,1.2703171968460084,-0.7663217186927795,2.1693310737609865,-0.29629141092300417,-0.10570116341114044,-0.8080538511276245,-2.4656753540039064,-0.36692631244659426,-0.11187582463026047,0.14834052324295045,1.0510801076889039,1.3389426469802857,0.8632854223251343,-0.2336856722831726,0.6944560408592224,0.36146214604377749,-1.7183610200881959,0.4460865259170532,-0.6879007816314697,0.10994386672973633,0.445415735244751,-0.2279289960861206,0.6343939304351807,-0.5464698672294617,-0.5862447619438171,-1.130252480506897,0.07109897583723068,-0.584846556186676,1.5243419408798218,-0.9914154410362244,0.9550685882568359,1.9600447416305543,-0.2504158318042755,-0.849783182144165,0.5789686441421509,0.9939869046211243,2.3739023208618166,-0.810273289680481,-1.1428914070129395,-2.0243067741394045,2.666572332382202,-0.5647314786911011,0.12592196464538575,-0.0263243168592453,0.04785483703017235,-0.5106403231620789,-0.028913697227835656,0.6351884603500366,0.17813360691070558,0.8377808928489685,1.3796508312225342,-0.4523632526397705,-0.15695518255233766,2.503026247024536,-1.4343210458755494,1.9922457933425904,2.6203107833862306,-1.077839732170105,-1.2309743165969849,0.4285881221294403,0.28693318367004397,-0.6256137490272522,-0.2745739817619324,-1.1473822593688965,0.6631094217300415,-1.587553858757019,2.2056548595428469,-1.089709997177124,-0.41390594840049746,-1.9682538509368897,-0.06251838803291321,-0.16149258613586427,-1.850144386291504,-0.8586987853050232,0.20188897848129273,0.42608097195625307,2.393357992172241,-1.0772072076797486,-0.5583489537239075,1.080394983291626,-0.004237466491758823,1.3053624629974366,0.4729005694389343,0.8200848698616028,-0.482455313205719,0.08946295827627182,0.5296361446380615,0.07422370463609696,0.4565075635910034,1.378589153289795,1.9335534572601319,-0.43483224511146548,2.907928943634033,-0.7211176156997681,0.004094572272151709,-0.6986531615257263,0.896271288394928,-1.729007601737976,-0.01400779839605093,1.796312928199768,0.7056554555892944,1.4520964622497559,0.15596960484981538,2.040198802947998,-2.2908055782318117,-0.832054853439331,1.5518110990524293,2.5043606758117677,0.3036876320838928,-1.3306766748428345,1.647758960723877,-1.073612093925476,3.8401038646698,0.18858970701694489,0.5696532130241394,1.1484544277191163,0.2564561069011688,-0.22144660353660584,1.3892816305160523,