{"weights":[{"row":19,"column":24,"elements":[-1.7411831617355347,-1.4177435636520386,-1.4450323581695557,-0.3853757083415985,-0.8864623308181763,0.16770459711551667,-1.3885786533355713,1.834234595298767,2.1712839603424074,-0.4127035439014435,0.8764158487319946,0.10501871258020401,4.032320499420166,0.6145996451377869,0.7184192538261414,-1.1069631576538087,0.5484327673912048,-1.3428467512130738,1.080276608467102,-1.507563591003418,-0.8965654969215393,0.33322757482528689,-0.46683377027511599,0.3000281751155853,-0.22659093141555787,0.8723906874656677,0.31252360343933108,-1.038758397102356,-0.6824743151664734,0.5207046270370483,-2.5528318881988527,1.1810733079910279,0.5212188959121704,-0.24477984011173249,1.8181335926055909,0.22028233110904694,1.3769464492797852,1.107715368270874,1.4548046588897706,-1.6377711296081544,0.36011338233947756,-1.0555208921432496,0.3446550965309143,-2.1927878856658937,-0.7555263042449951,0.5763258337974548,-0.9326777458190918,0.7680282592773438,0.831612765789032,0.7075434327125549,-0.69638991355896,2.174414873123169,-0.6083497405052185,1.0391713380813599,-1.5608872175216675,-0.4095909893512726,-1.2046111822128297,-0.7180910706520081,1.5649526119232178,0.07651017606258393,0.899434506893158,-0.3157516121864319,0.836871325969696,0.03344224765896797,0.6138336658477783,3.184896230697632,1.3564128875732422,-0.07468578219413758,-1.7298848628997803,-0.14064334332942964,-0.6756190061569214,0.5589702129364014,0.44014596939086916,0.7125586867332459,0.16077792644500733,-0.6588965654373169,-0.8581874370574951,0.386576771736145,2.3277149200439455,-0.3481650948524475,-1.2913014888763428,-3.5059244632720949,1.5628993511199952,0.0537286214530468,0.26799237728118899,0.26065924763679507,-2.430504560470581,-1.3570845127105713,-1.4240679740905762,1.4635518789291382,0.9995353817939758,-0.193085178732872,0.1746997833251953,-0.6297371983528137,0.5319486856460571,-0.8237974643707275,0.6743819117546082,2.58060359954834,-0.4713570475578308,1.03249192237854,-0.010942119173705578,1.1159025430679322,0.21365343034267426,1.0522961616516114,-0.4324493706226349,0.7745790481567383,-0.12411357462406159,-2.66068434715271,0.3729727268218994,-1.133986234664917,1.0445277690887452,0.8317545652389526,-1.654588222503662,0.4364166855812073,0.07503916323184967,0.5837150812149048,-0.5696292519569397,-0.7224158644676209,0.47524645924568179,-0.40178072452545168,-0.5052227973937988,0.9031080007553101,1.8891992568969727,0.9507116079330444,2.5311334133148195,-0.3891238868236542,-0.04781061410903931,-1.7975517511367798,0.15603986382484437,0.3298322558403015,2.5430538654327394,-3.5754480361938478,1.1284856796264649,1.451568841934204,0.6814844012260437,-0.9775187969207764,-0.1625727117061615,-2.0619795322418215,-3.3647069931030275,-1.3267908096313477,0.5021159052848816,-1.4900474548339844,-0.4696613550186157,0.41175249218940737,-2.4570116996765138,1.4642460346221924,0.02392391674220562,1.2692140340805054,0.842284083366394,1.5299664735794068,0.6929261684417725,1.0848262310028077,-1.4032905101776124,-2.4889445304870607,-0.8669915199279785,-1.1097759008407593,-1.316497564315796,-0.8594976663589478,1.3348824977874756,-0.2800607979297638,0.5607115626335144,2.1847071647644045,0.2648133933544159,-0.12814348936080934,-1.4755419492721558,-1.5582075119018555,-2.159926652908325,1.6137022972106934,-0.47201305627822878,0.571690022945404,-0.8840292692184448,-1.9952409267425538,-2.084627866744995,-1.164808750152588,-1.1289302110671998,-1.278053879737854,0.10378782451152802,0.33385753631591799,-0.5711787343025208,-1.0336525440216065,-1.00263249874115,0.6030634641647339,-0.790845513343811,-1.9250776767730713,0.86821448802948,1.8338216543197632,-0.9030611515045166,0.6396440863609314,-1.0121383666992188,0.20550929009914399,-1.592451572418213,-0.8280988931655884,-0.6079365611076355,-0.7189352512359619,-1.9389026165008546,-1.4272973537445069,1.3795026540756226,0.27284517884254458,-1.7268450260162354,2.084110736846924,0.15102443099021913,-1.9812524318695069,0.7255560159683228,0.6408864259719849,-0.7832820415496826,-0.6283513307571411,-0.09431332349777222,-0.7954797744750977,-0.13804176449775697,0.10277359932661057,-1.961621642112732,-0.899535059928894,-1.4337759017944337,-1.1858851909637452,0.8625249862670898,1.237636923789978,0.5760515928268433,-0.9323738217353821,0.15034016966819764,-0.9724310636520386,0.8195934891700745,-0.4274807572364807,-1.0195915699005128,1.4961960315704346,1.7523833513259888,-0.1631053388118744,0.3692268431186676,2.7062549591064455,-0.48374903202056887,-1.2455037832260132,-0.905358076095581,-1.1514942646026612,0.8980374336242676,1.6578787565231324,1.5931328535079957,-2.3523426055908205,0.0026276602875441314,-0.8108291625976563,-2.410198450088501,0.92538982629776,3.3073830604553224,2.010549545288086,-0.5059677958488464,-0.4358990490436554,-1.6062790155410767,1.8947560787200928,-0.9574378132820129,-3.319797992706299,1.363769292831421,-2.0620296001434328,2.3832204341888429,-1.3169053792953492,-0.29040470719337466,-1.0576609373092652,0.9039707779884338,0.8936643600463867,2.4953205585479738,-1.7134517431259156,0.5025312304496765,1.1151968240737916,-1.5568023920059205,-1.3563292026519776,0.7246520519256592,0.5112566947937012,2.626342535018921,1.643375277519226,-1.276534080505371,0.47716909646987917,-0.05175464600324631,-1.8877065181732178,-1.4470444917678834,-0.405028760433197,0.23524944484233857,0.9590036273002625,0.5547693371772766,0.3707849383354187,0.804945170879364,-0.9087700843811035,1.3450655937194825,-1.052288293838501,0.6603471040725708,-0.45336759090423586,1.3004854917526246,0.8914974331855774,-1.2766764163970948,1.3961864709854127,0.8415254354476929,1.4811404943466187,-0.7756454944610596,2.2310373783111574,-0.2693750560283661,0.09694087505340576,-0.6126790046691895,-2.427582263946533,-0.36198171973228457,-0.13035526871681214,0.10131259262561798,0.9701915383338928,1.4503318071365357,0.8268550634384155,-0.3493410050868988,0.8343130350112915,0.3996827304363251,-1.7348350286483765,0.3821680545806885,-0.6397485136985779,0.04225803539156914,0.5436174869537354,-0.19098526239395142,0.5532729029655457,-0.5140027403831482,-0.7610963582992554,-1.1462817192077637,0.012359470129013062,-0.6372345089912415,1.8206268548965455,-1.0783265829086304,0.9205650091171265,1.8900226354599,-0.21252819895744325,-0.8673883080482483,0.6863293051719666,1.1508270502090455,2.224764108657837,-1.0164356231689454,-1.32066011428833,-1.9318615198135377,2.8832898139953615,-0.4774874746799469,-0.059145279228687289,-0.19442063570022584,-0.01379724033176899,-0.5828477144241333,-0.18309138715267182,0.6087777018547058,0.07922662794589997,0.7830291986465454,1.6744641065597535,-0.5070451498031616,-0.18569719791412354,2.4546773433685304,-1.4219374656677247,1.7916876077651978,2.6708104610443117,-1.289670467376709,-1.213232398033142,0.6348735690116882,0.34959733486175539,-0.6034854650497437,-0.1987035572528839,-1.257163643836975,0.7607002258300781,-1.5847034454345704,2.2347590923309328,-1.1172666549682618,-0.40253087878227236,-2.065366506576538,-0.1951882541179657,-0.5447916388511658,-2.026118516921997,-0.766514778137207,-0.04462160915136337,0.23182527720928193,2.2889509201049806,-1.082911729812622,-0.47794830799102785,1.4851012229919434,0.11115618050098419,1.0921821594238282,0.535625159740448,0.6118078231811523,-0.5045484304428101,0.06726258248090744,0.7168245911598206,-0.19017845392227174,0.3763023912906647,1.3833749294281006,1.7252825498580933,-0.5110634565353394,3.115366220474243,-0.930679976940155,0.1857447475194931,-0.6839340329170227,0.8453028798103333,-1.5607129335403443,0.02650337480008602,1.847066044807434,0.5672261714935303,1.3989651203155518,0.09147195518016815,2.12040376663208,-2.2372453212738039,-0.9882959723472595,1.5980232954025269,2.6308956146240236,0.3133507966995239,-1.3472551107406617,1.648779034614563,-1.2224392890930176,3.8541152477264406,0.32816004753112795,0.7697280645370483,1.2914526462554932,0.32742375135421755,-0.02294505015015602,1.2648781538009644,-1.585374116897583,2.898129940032959,